datetime,symbol,open,high,low,close,volume
2023-09-09 02:00:00,COINBASE:SHIBUSD,7.6e-06,7.65e-06,7.55e-06,7.57e-06,391714921854.0
2023-09-10 02:00:00,COINBASE:SHIBUSD,7.57e-06,7.57e-06,7.21e-06,7.36e-06,961559038075.0
2023-09-11 02:00:00,COINBASE:SHIBUSD,7.36e-06,7.39e-06,6.96e-06,7.06e-06,1455470793440.0
2023-09-12 02:00:00,COINBASE:SHIBUSD,7.06e-06,7.36e-06,7.05e-06,7.17e-06,1028925773747.0
2023-09-13 02:00:00,COINBASE:SHIBUSD,7.17e-06,7.36e-06,7.14e-06,7.25e-06,844104517185.0
2023-09-14 02:00:00,COINBASE:SHIBUSD,7.25e-06,7.45e-06,7.21e-06,7.36e-06,630624260075.0
2023-09-15 02:00:00,COINBASE:SHIBUSD,7.37e-06,7.49e-06,7.31e-06,7.45e-06,524822816688.0
2023-09-16 02:00:00,COINBASE:SHIBUSD,7.45e-06,7.57e-06,7.33e-06,7.4e-06,576310688526.0
2023-09-17 02:00:00,COINBASE:SHIBUSD,7.39e-06,7.4e-06,7.1e-06,7.22e-06,563695020814.0
2023-09-18 02:00:00,COINBASE:SHIBUSD,7.22e-06,7.42e-06,7.15e-06,7.25e-06,607697427218.0
2023-09-19 02:00:00,COINBASE:SHIBUSD,7.26e-06,7.43e-06,7.22e-06,7.4e-06,549937649177.0
2023-09-20 02:00:00,COINBASE:SHIBUSD,7.41e-06,7.49e-06,7.27e-06,7.44e-06,632501120685.0
2023-09-21 02:00:00,COINBASE:SHIBUSD,7.44e-06,7.54e-06,7.22e-06,7.25e-06,761893421551.0
2023-09-22 02:00:00,COINBASE:SHIBUSD,7.24e-06,7.32e-06,7.15e-06,7.3e-06,487559274984.0
2023-09-23 02:00:00,COINBASE:SHIBUSD,7.3e-06,7.71e-06,7.29e-06,7.5e-06,997340500051.0
2023-09-24 02:00:00,COINBASE:SHIBUSD,7.5e-06,7.5e-06,7.27e-06,7.31e-06,534439980434.0
2023-09-25 02:00:00,COINBASE:SHIBUSD,7.31e-06,7.39e-06,7.18e-06,7.29e-06,523748580369.0
2023-09-26 02:00:00,COINBASE:SHIBUSD,7.29e-06,7.33e-06,7.18e-06,7.26e-06,423347024221.0
2023-09-27 02:00:00,COINBASE:SHIBUSD,7.25e-06,7.31e-06,7.14e-06,7.21e-06,503117593176.0
2023-09-28 02:00:00,COINBASE:SHIBUSD,7.22e-06,7.33e-06,7.2e-06,7.31e-06,542342404209.0
2023-09-29 02:00:00,COINBASE:SHIBUSD,7.31e-06,7.42e-06,7.27e-06,7.32e-06,537710444622.0
2023-09-30 02:00:00,COINBASE:SHIBUSD,7.32e-06,7.4e-06,7.3e-06,7.33e-06,440894892661.0
2023-10-01 02:00:00,COINBASE:SHIBUSD,7.33e-06,7.58e-06,7.33e-06,7.52e-06,576082621968.0
2023-10-02 02:00:00,COINBASE:SHIBUSD,7.53e-06,7.61e-06,7.2e-06,7.32e-06,915588282223.0
2023-10-03 02:00:00,COINBASE:SHIBUSD,7.31e-06,7.34e-06,7.22e-06,7.27e-06,426199851245.0
2023-10-04 02:00:00,COINBASE:SHIBUSD,7.28e-06,7.28e-06,7.07e-06,7.24e-06,636734008997.0
2023-10-05 02:00:00,COINBASE:SHIBUSD,7.23e-06,7.28e-06,7.12e-06,7.14e-06,531053281822.0
2023-10-06 02:00:00,COINBASE:SHIBUSD,7.14e-06,7.26e-06,7.13e-06,7.24e-06,459639696927.0
2023-10-07 02:00:00,COINBASE:SHIBUSD,7.24e-06,7.26e-06,7.18e-06,7.24e-06,288747593218.0
2023-10-08 02:00:00,COINBASE:SHIBUSD,7.24e-06,7.3e-06,7.17e-06,7.19e-06,437634113150.0
2023-10-09 02:00:00,COINBASE:SHIBUSD,7.19e-06,7.21e-06,6.73e-06,6.92e-06,880530543478.0
2023-10-10 02:00:00,COINBASE:SHIBUSD,6.92e-06,6.98e-06,6.82e-06,6.91e-06,547998304125.0
2023-10-11 02:00:00,COINBASE:SHIBUSD,6.9e-06,6.95e-06,6.71e-06,6.77e-06,681563932269.0
2023-10-12 02:00:00,COINBASE:SHIBUSD,6.78e-06,6.89e-06,6.72e-06,6.79e-06,565007333911.0
2023-10-13 02:00:00,COINBASE:SHIBUSD,6.79e-06,6.99e-06,6.77e-06,6.92e-06,504660798866.0
2023-10-14 02:00:00,COINBASE:SHIBUSD,6.91e-06,7.14e-06,6.9e-06,7.03e-06,522016858590.0
2023-10-15 02:00:00,COINBASE:SHIBUSD,7.03e-06,7.07e-06,6.94e-06,6.98e-06,339791534411.0
2023-10-16 02:00:00,COINBASE:SHIBUSD,6.98e-06,7.29e-06,6.96e-06,7.1e-06,752604078447.0
2023-10-17 02:00:00,COINBASE:SHIBUSD,7.1e-06,7.13e-06,6.83e-06,6.89e-06,536945711553.0
2023-10-18 02:00:00,COINBASE:SHIBUSD,6.89e-06,6.96e-06,6.71e-06,6.77e-06,464140922576.0
2023-10-19 02:00:00,COINBASE:SHIBUSD,6.76e-06,6.87e-06,6.62e-06,6.84e-06,546462446396.0
2023-10-20 02:00:00,COINBASE:SHIBUSD,6.84e-06,7.03e-06,6.82e-06,6.9e-06,609928366123.0
2023-10-21 02:00:00,COINBASE:SHIBUSD,6.9e-06,7.18e-06,6.88e-06,7.06e-06,689743404730.0
2023-10-22 02:00:00,COINBASE:SHIBUSD,7.06e-06,7.14e-06,6.92e-06,7.14e-06,707318491447.0
2023-10-23 02:00:00,COINBASE:SHIBUSD,7.13e-06,7.52e-06,7.1e-06,7.52e-06,2115600587218.0
2023-10-24 02:00:00,COINBASE:SHIBUSD,7.52e-06,7.75e-06,7.23e-06,7.4e-06,2291260561869.0
2023-10-25 02:00:00,COINBASE:SHIBUSD,7.39e-06,7.98e-06,7.27e-06,7.8e-06,2302237674493.0
2023-10-26 02:00:00,COINBASE:SHIBUSD,7.81e-06,8.25e-06,7.57e-06,7.91e-06,2805798115966.0
2023-10-27 02:00:00,COINBASE:SHIBUSD,7.91e-06,7.97e-06,7.57e-06,7.7e-06,1341555854678.0
2023-10-28 02:00:00,COINBASE:SHIBUSD,7.7e-06,8.12e-06,7.66e-06,7.96e-06,900191866113.0
2023-10-29 02:00:00,COINBASE:SHIBUSD,7.96e-06,8.11e-06,7.74e-06,8.02e-06,1049710464177.0
2023-10-30 01:00:00,COINBASE:SHIBUSD,8.02e-06,8.07e-06,7.81e-06,7.96e-06,977602310673.0
2023-10-31 01:00:00,COINBASE:SHIBUSD,7.96e-06,8.04e-06,7.54e-06,7.78e-06,1220338518128.0
2023-11-01 01:00:00,COINBASE:SHIBUSD,7.78e-06,7.98e-06,7.57e-06,7.98e-06,1210530694595.0
2023-11-02 01:00:00,COINBASE:SHIBUSD,7.98e-06,8.08e-06,7.66e-06,7.84e-06,1505749161640.0
2023-11-03 01:00:00,COINBASE:SHIBUSD,7.85e-06,7.86e-06,7.63e-06,7.82e-06,876844571492.0
2023-11-04 01:00:00,COINBASE:SHIBUSD,7.82e-06,7.98e-06,7.78e-06,7.96e-06,726904390285.0
2023-11-05 01:00:00,COINBASE:SHIBUSD,7.95e-06,8.31e-06,7.9e-06,8.13e-06,1666558790633.0
2023-11-06 01:00:00,COINBASE:SHIBUSD,8.13e-06,8.52e-06,8e-06,8.46e-06,2034447150275.0
2023-11-07 01:00:00,COINBASE:SHIBUSD,8.47e-06,8.47e-06,7.96e-06,8.19e-06,2660432742475.0
2023-11-08 01:00:00,COINBASE:SHIBUSD,8.2e-06,8.35e-06,8.15e-06,8.28e-06,1474062108152.0
2023-11-09 01:00:00,COINBASE:SHIBUSD,8.28e-06,8.72e-06,7.92e-06,8.22e-06,3336714043134.0
2023-11-10 01:00:00,COINBASE:SHIBUSD,8.22e-06,8.56e-06,8.09e-06,8.49e-06,2937583910174.0
2023-11-11 01:00:00,COINBASE:SHIBUSD,8.49e-06,9.66e-06,8.46e-06,9.09e-06,6817902774238.0
2023-11-12 01:00:00,COINBASE:SHIBUSD,9.08e-06,9.15e-06,8.65e-06,8.93e-06,2663815531193.0
2023-11-13 01:00:00,COINBASE:SHIBUSD,8.92e-06,9.18e-06,8.45e-06,8.54e-06,3121465327084.0
2023-11-14 01:00:00,COINBASE:SHIBUSD,8.54e-06,8.69e-06,8.01e-06,8.34e-06,2264839794431.0
2023-11-15 01:00:00,COINBASE:SHIBUSD,8.33e-06,8.84e-06,8.32e-06,8.8e-06,1768059664375.0
2023-11-16 01:00:00,COINBASE:SHIBUSD,8.81e-06,9.19e-06,8.28e-06,8.49e-06,2920806400397.0
2023-11-17 01:00:00,COINBASE:SHIBUSD,8.49e-06,9.15e-06,8.41e-06,8.82e-06,3121184042729.0
2023-11-18 01:00:00,COINBASE:SHIBUSD,8.82e-06,8.91e-06,8.4e-06,8.57e-06,1757834171025.0
2023-11-19 01:00:00,COINBASE:SHIBUSD,8.55e-06,8.71e-06,8.36e-06,8.69e-06,1032846047616.0
2023-11-20 01:00:00,COINBASE:SHIBUSD,8.69e-06,8.72e-06,8.37e-06,8.44e-06,1312030756154.0
2023-11-21 01:00:00,COINBASE:SHIBUSD,8.43e-06,8.52e-06,7.61e-06,7.74e-06,2706077714831.0
2023-11-22 01:00:00,COINBASE:SHIBUSD,7.73e-06,8.18e-06,7.7e-06,8.1e-06,1976543589953.0
2023-11-23 01:00:00,COINBASE:SHIBUSD,8.09e-06,8.19e-06,8.01e-06,8.12e-06,938737929957.0
2023-11-24 01:00:00,COINBASE:SHIBUSD,8.12e-06,8.3e-06,8.08e-06,8.2e-06,1132664394261.0
2023-11-25 01:00:00,COINBASE:SHIBUSD,8.19e-06,8.59e-06,8.16e-06,8.49e-06,878434222317.0
2023-11-26 01:00:00,COINBASE:SHIBUSD,8.48e-06,8.49e-06,8.06e-06,8.3e-06,1328151740521.0
2023-11-27 01:00:00,COINBASE:SHIBUSD,8.3e-06,8.65e-06,8.02e-06,8.19e-06,1934100845424.0
2023-11-28 01:00:00,COINBASE:SHIBUSD,8.19e-06,8.34e-06,8.03e-06,8.31e-06,1268042569211.0
2023-11-29 01:00:00,COINBASE:SHIBUSD,8.32e-06,8.39e-06,8.16e-06,8.22e-06,1191679268429.0
2023-11-30 01:00:00,COINBASE:SHIBUSD,8.21e-06,8.31e-06,8.12e-06,8.29e-06,1068176258655.0
2023-12-01 01:00:00,COINBASE:SHIBUSD,8.3e-06,8.4e-06,8.25e-06,8.37e-06,1128519432118.0
2023-12-02 01:00:00,COINBASE:SHIBUSD,8.36e-06,8.58e-06,8.34e-06,8.53e-06,1064287009657.0
2023-12-03 01:00:00,COINBASE:SHIBUSD,8.53e-06,9.49e-06,8.37e-06,9.03e-06,4181371876737.0
2023-12-04 01:00:00,COINBASE:SHIBUSD,9.02e-06,9.64e-06,8.68e-06,9.21e-06,4893222859268.0
2023-12-05 01:00:00,COINBASE:SHIBUSD,9.21e-06,9.58e-06,8.88e-06,9.48e-06,4265557751851.0
2023-12-06 01:00:00,COINBASE:SHIBUSD,9.49e-06,1.067e-05,9.31e-06,9.73e-06,7527998662827.0
2023-12-07 01:00:00,COINBASE:SHIBUSD,9.72e-06,9.88e-06,9.38e-06,9.78e-06,3053686868997.0
2023-12-08 01:00:00,COINBASE:SHIBUSD,9.79e-06,1.044e-05,9.75e-06,1.021e-05,3002997361971.0
2023-12-09 01:00:00,COINBASE:SHIBUSD,1.022e-05,1.044e-05,9.9e-06,1e-05,2762803518376.0
2023-12-10 01:00:00,COINBASE:SHIBUSD,1e-05,1.04e-05,9.9e-06,1.033e-05,2238644797383.0
2023-12-11 01:00:00,COINBASE:SHIBUSD,1.033e-05,1.059e-05,9.15e-06,9.52e-06,4382119820796.0
2023-12-12 01:00:00,COINBASE:SHIBUSD,9.5e-06,9.76e-06,9.29e-06,9.58e-06,1764947755081.0
2023-12-13 01:00:00,COINBASE:SHIBUSD,9.58e-06,9.87e-06,9.14e-06,9.81e-06,2494528303830.0
2023-12-14 01:00:00,COINBASE:SHIBUSD,9.82e-06,1.02e-05,9.51e-06,1.009e-05,2478255620857.0
2023-12-15 01:00:00,COINBASE:SHIBUSD,1.009e-05,1.011e-05,9.57e-06,9.6e-06,1871751089960.0
2023-12-16 01:00:00,COINBASE:SHIBUSD,9.59e-06,1.174e-05,9.46e-06,1.161e-05,5718131803567.0
2023-12-17 01:00:00,COINBASE:SHIBUSD,1.161e-05,1.194e-05,1.022e-05,1.028e-05,5507666915812.0
2023-12-18 01:00:00,COINBASE:SHIBUSD,1.029e-05,1.049e-05,9.55e-06,1.044e-05,3093927677099.0
2023-12-19 01:00:00,COINBASE:SHIBUSD,1.043e-05,1.059e-05,9.99e-06,1.011e-05,1458704939794.0
2023-12-20 01:00:00,COINBASE:SHIBUSD,1.012e-05,1.05e-05,9.95e-06,1.023e-05,1228617756596.0
2023-12-21 01:00:00,COINBASE:SHIBUSD,1.024e-05,1.056e-05,1.013e-05,1.043e-05,1305280995476.0
2023-12-22 01:00:00,COINBASE:SHIBUSD,1.044e-05,1.096e-05,1.032e-05,1.092e-05,2269192134406.0
2023-12-23 01:00:00,COINBASE:SHIBUSD,1.092e-05,1.127e-05,1.052e-05,1.108e-05,2089634700605.0
2023-12-24 01:00:00,COINBASE:SHIBUSD,1.109e-05,1.11e-05,1.045e-05,1.066e-05,1465626830112.0
2023-12-25 01:00:00,COINBASE:SHIBUSD,1.066e-05,1.106e-05,1.054e-05,1.103e-05,980390365490.0
2023-12-26 01:00:00,COINBASE:SHIBUSD,1.103e-05,1.103e-05,1e-05,1.06e-05,1152054477495.0
2023-12-27 01:00:00,COINBASE:SHIBUSD,1.059e-05,1.094e-05,1.028e-05,1.091e-05,891951004552.0
2023-12-28 01:00:00,COINBASE:SHIBUSD,1.09e-05,1.105e-05,1.045e-05,1.062e-05,1281515232176.0
2023-12-29 01:00:00,COINBASE:SHIBUSD,1.061e-05,1.072e-05,1.024e-05,1.042e-05,1014267437857.0
2023-12-30 01:00:00,COINBASE:SHIBUSD,1.042e-05,1.059e-05,1.036e-05,1.043e-05,539222501992.0
2023-12-31 01:00:00,COINBASE:SHIBUSD,1.043e-05,1.06e-05,1.024e-05,1.034e-05,379937000160.0
2024-01-01 01:00:00,COINBASE:SHIBUSD,1.034e-05,1.071e-05,1.022e-05,1.068e-05,489941489848.0
2024-01-02 01:00:00,COINBASE:SHIBUSD,1.068e-05,1.092e-05,1.045e-05,1.057e-05,1289300399483.0
2024-01-03 01:00:00,COINBASE:SHIBUSD,1.057e-05,1.066e-05,8.53e-06,9.58e-06,2338873193762.0
2024-01-04 01:00:00,COINBASE:SHIBUSD,9.58e-06,1.015e-05,9.42e-06,1e-05,1088249667128.0
2024-01-05 01:00:00,COINBASE:SHIBUSD,1.001e-05,1.01e-05,9.43e-06,9.83e-06,1758791662641.0
2024-01-06 01:00:00,COINBASE:SHIBUSD,9.83e-06,9.84e-06,9.35e-06,9.61e-06,543976549922.0
2024-01-07 01:00:00,COINBASE:SHIBUSD,9.62e-06,9.69e-06,8.95e-06,9.04e-06,738066147443.0
2024-01-08 01:00:00,COINBASE:SHIBUSD,9.04e-06,9.6e-06,8.5e-06,9.59e-06,1795465230925.0
2024-01-09 01:00:00,COINBASE:SHIBUSD,9.59e-06,1.001e-05,9.04e-06,9.67e-06,2496770015554.0
2024-01-10 01:00:00,COINBASE:SHIBUSD,9.67e-06,1.017e-05,9.12e-06,9.98e-06,1562163256082.0
2024-01-11 01:00:00,COINBASE:SHIBUSD,9.98e-06,1.051e-05,9.86e-06,1.014e-05,1639315406110.0
2024-01-12 01:00:00,COINBASE:SHIBUSD,1.014e-05,1.03e-05,9.31e-06,9.63e-06,1459125226408.0
2024-01-13 01:00:00,COINBASE:SHIBUSD,9.64e-06,1.007e-05,9.42e-06,9.88e-06,679160212210.0
2024-01-14 01:00:00,COINBASE:SHIBUSD,9.88e-06,1.005e-05,9.53e-06,9.57e-06,531166025242.0
2024-01-15 01:00:00,COINBASE:SHIBUSD,9.56e-06,9.76e-06,9.48e-06,9.54e-06,498579023367.0
2024-01-16 01:00:00,COINBASE:SHIBUSD,9.53e-06,9.74e-06,9.41e-06,9.66e-06,542021805897.0
2024-01-17 01:00:00,COINBASE:SHIBUSD,9.67e-06,9.72e-06,9.38e-06,9.52e-06,670255178789.0
2024-01-18 01:00:00,COINBASE:SHIBUSD,9.51e-06,9.56e-06,8.94e-06,9.2e-06,909415503689.0
2024-01-19 01:00:00,COINBASE:SHIBUSD,9.21e-06,9.39e-06,8.78e-06,9.3e-06,1159183063847.0
2024-01-20 01:00:00,COINBASE:SHIBUSD,9.3e-06,9.84e-06,9.27e-06,9.68e-06,986297560337.0
2024-01-21 01:00:00,COINBASE:SHIBUSD,9.67e-06,9.73e-06,9.32e-06,9.34e-06,584215960396.0
2024-01-22 01:00:00,COINBASE:SHIBUSD,9.33e-06,9.37e-06,8.86e-06,8.92e-06,1270357601540.0
2024-01-23 01:00:00,COINBASE:SHIBUSD,8.91e-06,9.06e-06,8.43e-06,8.84e-06,1067047233220.0
2024-01-24 01:00:00,COINBASE:SHIBUSD,8.83e-06,8.99e-06,8.74e-06,8.89e-06,655112188410.0
2024-01-25 01:00:00,COINBASE:SHIBUSD,8.89e-06,8.92e-06,8.72e-06,8.86e-06,415072956589.0
2024-01-26 01:00:00,COINBASE:SHIBUSD,8.86e-06,9.13e-06,8.78e-06,9.04e-06,464905845771.0
2024-01-27 01:00:00,COINBASE:SHIBUSD,9.04e-06,9.22e-06,8.98e-06,9.12e-06,330157510024.0
2024-01-28 01:00:00,COINBASE:SHIBUSD,9.12e-06,9.25e-06,8.91e-06,9e-06,459239886614.0
2024-01-29 01:00:00,COINBASE:SHIBUSD,9.01e-06,9.27e-06,8.92e-06,9.21e-06,644788539126.0
2024-01-30 01:00:00,COINBASE:SHIBUSD,9.2e-06,9.67e-06,9.01e-06,9.05e-06,1026080043404.0
2024-01-31 01:00:00,COINBASE:SHIBUSD,9.04e-06,9.14e-06,8.84e-06,8.95e-06,567826512015.0
2024-02-01 01:00:00,COINBASE:SHIBUSD,8.94e-06,9.05e-06,8.78e-06,9.04e-06,643484479565.0
2024-02-02 01:00:00,COINBASE:SHIBUSD,9.03e-06,9.1e-06,8.92e-06,9.08e-06,432890308425.0
2024-02-03 01:00:00,COINBASE:SHIBUSD,9.08e-06,9.16e-06,9.01e-06,9.1e-06,263908801131.0
2024-02-04 01:00:00,COINBASE:SHIBUSD,9.1e-06,9.14e-06,8.85e-06,8.89e-06,487892981082.0
2024-02-05 01:00:00,COINBASE:SHIBUSD,8.89e-06,9.03e-06,8.78e-06,8.9e-06,459798519934.0
2024-02-06 01:00:00,COINBASE:SHIBUSD,8.89e-06,8.94e-06,8.77e-06,8.87e-06,562795419989.0
2024-02-07 01:00:00,COINBASE:SHIBUSD,8.86e-06,9.09e-06,8.79e-06,9.08e-06,420825492566.0
2024-02-08 01:00:00,COINBASE:SHIBUSD,9.07e-06,9.37e-06,9.04e-06,9.22e-06,803773812483.0
2024-02-09 01:00:00,COINBASE:SHIBUSD,9.22e-06,9.47e-06,9.21e-06,9.39e-06,689536534815.0
2024-02-10 01:00:00,COINBASE:SHIBUSD,9.4e-06,9.51e-06,9.24e-06,9.42e-06,448090656509.0
2024-02-11 01:00:00,COINBASE:SHIBUSD,9.42e-06,9.62e-06,9.34e-06,9.41e-06,562566210732.0
2024-02-12 01:00:00,COINBASE:SHIBUSD,9.41e-06,9.68e-06,9.21e-06,9.62e-06,705494228278.0
2024-02-13 01:00:00,COINBASE:SHIBUSD,9.62e-06,9.74e-06,9.29e-06,9.46e-06,908163053540.0
2024-02-14 01:00:00,COINBASE:SHIBUSD,9.46e-06,9.84e-06,9.39e-06,9.76e-06,888305041386.0
2024-02-15 01:00:00,COINBASE:SHIBUSD,9.76e-06,1.005e-05,9.68e-06,9.87e-06,1212904890644.0
2024-02-16 01:00:00,COINBASE:SHIBUSD,9.88e-06,1.005e-05,9.65e-06,9.88e-06,715129218942.0
2024-02-17 01:00:00,COINBASE:SHIBUSD,9.88e-06,9.9e-06,9.41e-06,9.63e-06,583683257738.0
2024-02-18 01:00:00,COINBASE:SHIBUSD,9.63e-06,9.84e-06,9.58e-06,9.74e-06,556307601451.0
2024-02-19 01:00:00,COINBASE:SHIBUSD,9.75e-06,9.95e-06,9.68e-06,9.9e-06,1082745710376.0
2024-02-20 01:00:00,COINBASE:SHIBUSD,9.9e-06,9.97e-06,9.39e-06,9.75e-06,1298188815670.0
2024-02-21 01:00:00,COINBASE:SHIBUSD,9.76e-06,9.78e-06,9.3e-06,9.55e-06,871749211432.0
2024-02-22 01:00:00,COINBASE:SHIBUSD,9.55e-06,9.72e-06,9.39e-06,9.53e-06,647252884494.0
2024-02-23 01:00:00,COINBASE:SHIBUSD,9.53e-06,9.6e-06,9.35e-06,9.53e-06,706965573982.0
2024-02-24 01:00:00,COINBASE:SHIBUSD,9.52e-06,9.67e-06,9.34e-06,9.65e-06,571745650122.0
2024-02-25 01:00:00,COINBASE:SHIBUSD,9.65e-06,9.73e-06,9.56e-06,9.67e-06,569510955098.0
2024-02-26 01:00:00,COINBASE:SHIBUSD,9.68e-06,1.024e-05,9.46e-06,1.007e-05,1503747747671.0
2024-02-27 01:00:00,COINBASE:SHIBUSD,1.008e-05,1.143e-05,9.95e-06,1.089e-05,5202512602095.0
2024-02-28 01:00:00,COINBASE:SHIBUSD,1.088e-05,1.252e-05,1e-05,1.172e-05,10338158944675.0
2024-02-29 01:00:00,COINBASE:SHIBUSD,1.172e-05,1.475e-05,1.145e-05,1.257e-05,16386731379297.0
2024-03-01 01:00:00,COINBASE:SHIBUSD,1.257e-05,1.726e-05,1.244e-05,1.69e-05,13543389270619.0
2024-03-02 01:00:00,COINBASE:SHIBUSD,1.69e-05,2.373e-05,1.661e-05,2.26e-05,30134422356569.0
2024-03-03 01:00:00,COINBASE:SHIBUSD,2.259e-05,2.375e-05,1.884e-05,2.254e-05,16369671890868.0
2024-03-04 01:00:00,COINBASE:SHIBUSD,2.253e-05,3.694e-05,2.146e-05,3.599e-05,32658422834856.0
2024-03-05 01:00:00,COINBASE:SHIBUSD,3.598e-05,4.575e-05,2e-05,3.518e-05,49063833141580.0
2024-03-06 01:00:00,COINBASE:SHIBUSD,3.52e-05,3.944e-05,3.034e-05,3.328e-05,20844845192695.0
2024-03-07 01:00:00,COINBASE:SHIBUSD,3.328e-05,3.472e-05,2.921e-05,3.155e-05,11236830320526.0
2024-03-08 01:00:00,COINBASE:SHIBUSD,3.155e-05,3.811e-05,3.091e-05,3.525e-05,15068841049629.0
2024-03-09 01:00:00,COINBASE:SHIBUSD,3.525e-05,3.699e-05,3.39e-05,3.502e-05,5814172423351.0
2024-03-10 01:00:00,COINBASE:SHIBUSD,3.503e-05,3.547e-05,3.163e-05,3.289e-05,4837939748272.0
2024-03-11 01:00:00,COINBASE:SHIBUSD,3.289e-05,3.522e-05,3.002e-05,3.386e-05,7381064549393.0
2024-03-12 01:00:00,COINBASE:SHIBUSD,3.386e-05,3.487e-05,2.993e-05,3.222e-05,5584819863800.0
2024-03-13 01:00:00,COINBASE:SHIBUSD,3.222e-05,3.355e-05,3.117e-05,3.205e-05,3492070738396.0
2024-03-14 01:00:00,COINBASE:SHIBUSD,3.205e-05,3.48e-05,3.039e-05,3.221e-05,8123004348584.0
2024-03-15 01:00:00,COINBASE:SHIBUSD,3.22e-05,3.275e-05,2.7e-05,2.991e-05,7492620999758.0
2024-03-16 01:00:00,COINBASE:SHIBUSD,2.991e-05,3.038e-05,2.35e-05,2.533e-05,7334296737650.0
2024-03-17 01:00:00,COINBASE:SHIBUSD,2.533e-05,3.022e-05,2.424e-05,2.951e-05,8354569482771.0
2024-03-18 01:00:00,COINBASE:SHIBUSD,2.953e-05,2.957e-05,2.634e-05,2.683e-05,5409403095096.0
2024-03-19 01:00:00,COINBASE:SHIBUSD,2.683e-05,2.738e-05,2.411e-05,2.486e-05,9978130877887.0
2024-03-20 01:00:00,COINBASE:SHIBUSD,2.488e-05,2.802e-05,2.366e-05,2.775e-05,7288012107266.0
2024-03-21 01:00:00,COINBASE:SHIBUSD,2.776e-05,2.864e-05,2.627e-05,2.72e-05,5215089492591.0
2024-03-22 01:00:00,COINBASE:SHIBUSD,2.719e-05,2.862e-05,2.579e-05,2.654e-05,4239557549027.0
2024-03-23 01:00:00,COINBASE:SHIBUSD,2.654e-05,2.851e-05,2.63e-05,2.712e-05,3668025975577.0
2024-03-24 01:00:00,COINBASE:SHIBUSD,2.713e-05,2.834e-05,2.707e-05,2.808e-05,3052920913272.0
2024-03-25 01:00:00,COINBASE:SHIBUSD,2.808e-05,3.065e-05,2.746e-05,2.871e-05,4412331133047.0
2024-03-26 01:00:00,COINBASE:SHIBUSD,2.87e-05,3.183e-05,2.848e-05,3.065e-05,5720753229518.0
2024-03-27 01:00:00,COINBASE:SHIBUSD,3.065e-05,3.187e-05,2.915e-05,3.017e-05,6092314680158.0
2024-03-28 01:00:00,COINBASE:SHIBUSD,3.016e-05,3.285e-05,2.979e-05,3.202e-05,6023794365095.0
2024-03-29 01:00:00,COINBASE:SHIBUSD,3.201e-05,3.215e-05,3.007e-05,3.079e-05,3085233721924.0
2024-03-30 01:00:00,COINBASE:SHIBUSD,3.079e-05,3.102e-05,2.951e-05,2.985e-05,2109830617677.0
2024-03-31 01:00:00,COINBASE:SHIBUSD,2.984e-05,3.081e-05,2.972e-05,3.074e-05,1648611368689.0
2024-04-01 02:00:00,COINBASE:SHIBUSD,3.072e-05,3.074e-05,2.772e-05,2.865e-05,3572500435097.0
2024-04-02 02:00:00,COINBASE:SHIBUSD,2.863e-05,2.864e-05,2.57e-05,2.641e-05,5223664814157.0
2024-04-03 02:00:00,COINBASE:SHIBUSD,2.641e-05,2.754e-05,2.55e-05,2.635e-05,3814955179169.0
2024-04-04 02:00:00,COINBASE:SHIBUSD,2.633e-05,2.85e-05,2.588e-05,2.771e-05,2994961347169.0
2024-04-05 02:00:00,COINBASE:SHIBUSD,2.771e-05,2.775e-05,2.63e-05,2.679e-05,2411005479353.0
2024-04-06 02:00:00,COINBASE:SHIBUSD,2.679e-05,2.78e-05,2.67e-05,2.742e-05,1238029975684.0
2024-04-07 02:00:00,COINBASE:SHIBUSD,2.744e-05,2.9e-05,2.737e-05,2.816e-05,2630828712940.0
2024-04-08 02:00:00,COINBASE:SHIBUSD,2.818e-05,2.953e-05,2.771e-05,2.874e-05,2286381749418.0
2024-04-09 02:00:00,COINBASE:SHIBUSD,2.873e-05,2.953e-05,2.719e-05,2.745e-05,2608360630744.0
2024-04-10 02:00:00,COINBASE:SHIBUSD,2.745e-05,2.829e-05,2.64e-05,2.805e-05,2421902705363.0
2024-04-11 02:00:00,COINBASE:SHIBUSD,2.806e-05,2.816e-05,2.72e-05,2.751e-05,1296383867165.0
2024-04-12 02:00:00,COINBASE:SHIBUSD,2.752e-05,2.814e-05,2.126e-05,2.476e-05,4914390582274.0
2024-04-13 02:00:00,COINBASE:SHIBUSD,2.476e-05,2.498e-05,1.837e-05,2.118e-05,8332821211699.0
2024-04-14 02:00:00,COINBASE:SHIBUSD,2.118e-05,2.3e-05,2.056e-05,2.275e-05,5107658406832.0
2024-04-15 02:00:00,COINBASE:SHIBUSD,2.275e-05,2.386e-05,2.1e-05,2.193e-05,3775899584731.0
2024-04-16 02:00:00,COINBASE:SHIBUSD,2.192e-05,2.289e-05,2.08e-05,2.269e-05,3497478308205.0
2024-04-17 02:00:00,COINBASE:SHIBUSD,2.268e-05,2.305e-05,2.132e-05,2.205e-05,1941339991123.0
2024-04-18 02:00:00,COINBASE:SHIBUSD,2.205e-05,2.297e-05,2.141e-05,2.279e-05,1777163920757.0
2024-04-19 02:00:00,COINBASE:SHIBUSD,2.28e-05,2.358e-05,2.081e-05,2.289e-05,2510656683445.0
2024-04-20 02:00:00,COINBASE:SHIBUSD,2.288e-05,2.674e-05,2.261e-05,2.619e-05,2928040079672.0
2024-04-21 02:00:00,COINBASE:SHIBUSD,2.618e-05,2.822e-05,2.543e-05,2.627e-05,3557217298040.0
2024-04-22 02:00:00,COINBASE:SHIBUSD,2.627e-05,2.772e-05,2.613e-05,2.692e-05,2591752612851.0
2024-04-23 02:00:00,COINBASE:SHIBUSD,2.693e-05,2.814e-05,2.62e-05,2.682e-05,2077924824767.0
2024-04-24 02:00:00,COINBASE:SHIBUSD,2.683e-05,2.767e-05,2.523e-05,2.569e-05,3516776015220.0
2024-04-25 02:00:00,COINBASE:SHIBUSD,2.568e-05,2.655e-05,2.448e-05,2.57e-05,3444161600511.0
2024-04-26 02:00:00,COINBASE:SHIBUSD,2.571e-05,2.599e-05,2.491e-05,2.52e-05,1461021159565.0
2024-04-27 02:00:00,COINBASE:SHIBUSD,2.521e-05,2.535e-05,2.4e-05,2.476e-05,1487164543755.0
2024-04-28 02:00:00,COINBASE:SHIBUSD,2.476e-05,2.516e-05,2.406e-05,2.422e-05,830280644487.0
2024-04-29 02:00:00,COINBASE:SHIBUSD,2.422e-05,2.438e-05,2.304e-05,2.41e-05,1562474887365.0
2024-04-30 02:00:00,COINBASE:SHIBUSD,2.412e-05,2.464e-05,2.176e-05,2.238e-05,2422853187559.0
2024-05-01 02:00:00,COINBASE:SHIBUSD,2.236e-05,2.312e-05,2.055e-05,2.263e-05,3458257103146.0
2024-05-02 02:00:00,COINBASE:SHIBUSD,2.264e-05,2.331e-05,2.15e-05,2.28e-05,2621015916773.0
2024-05-03 02:00:00,COINBASE:SHIBUSD,2.279e-05,2.476e-05,2.262e-05,2.446e-05,2429604777467.0
2024-05-04 02:00:00,COINBASE:SHIBUSD,2.445e-05,2.633e-05,2.43e-05,2.505e-05,2735045844688.0
2024-05-05 02:00:00,COINBASE:SHIBUSD,2.506e-05,2.523e-05,2.431e-05,2.473e-05,1177714646061.0
2024-05-06 02:00:00,COINBASE:SHIBUSD,2.471e-05,2.569e-05,2.382e-05,2.388e-05,1886646326149.0
2024-05-07 02:00:00,COINBASE:SHIBUSD,2.388e-05,2.424e-05,2.292e-05,2.298e-05,1589649678565.0
2024-05-08 02:00:00,COINBASE:SHIBUSD,2.297e-05,2.325e-05,2.233e-05,2.253e-05,1348766044156.0
2024-05-09 02:00:00,COINBASE:SHIBUSD,2.253e-05,2.378e-05,2.229e-05,2.347e-05,1188702721443.0
2024-05-10 02:00:00,COINBASE:SHIBUSD,2.348e-05,2.361e-05,2.212e-05,2.243e-05,1292590624395.0
2024-05-11 02:00:00,COINBASE:SHIBUSD,2.242e-05,2.291e-05,2.234e-05,2.249e-05,551625838561.0
2024-05-12 02:00:00,COINBASE:SHIBUSD,2.249e-05,2.273e-05,2.209e-05,2.23e-05,426329238821.0
2024-05-13 02:00:00,COINBASE:SHIBUSD,2.231e-05,2.465e-05,2.155e-05,2.335e-05,2835472258061.0
2024-05-14 02:00:00,COINBASE:SHIBUSD,2.336e-05,2.443e-05,2.286e-05,2.297e-05,3095739582181.0
2024-05-15 02:00:00,COINBASE:SHIBUSD,2.297e-05,2.558e-05,2.286e-05,2.525e-05,3546634905426.0
2024-05-16 02:00:00,COINBASE:SHIBUSD,2.525e-05,2.589e-05,2.39e-05,2.456e-05,2796458300980.0
2024-05-17 02:00:00,COINBASE:SHIBUSD,2.456e-05,2.531e-05,2.416e-05,2.501e-05,1415174789656.0
2024-05-18 02:00:00,COINBASE:SHIBUSD,2.502e-05,2.519e-05,2.438e-05,2.476e-05,741263884693.0
2024-05-19 02:00:00,COINBASE:SHIBUSD,2.476e-05,2.509e-05,2.36e-05,2.386e-05,947054268637.0
2024-05-20 02:00:00,COINBASE:SHIBUSD,2.386e-05,2.612e-05,2.352e-05,2.607e-05,2587046422710.0
2024-05-21 02:00:00,COINBASE:SHIBUSD,2.606e-05,2.666e-05,2.504e-05,2.61e-05,3255247143050.0
2024-05-22 02:00:00,COINBASE:SHIBUSD,2.609e-05,2.684e-05,2.502e-05,2.532e-05,2305457461336.0
2024-05-23 02:00:00,COINBASE:SHIBUSD,2.531e-05,2.572e-05,2.334e-05,2.458e-05,2147083038365.0
2024-05-24 02:00:00,COINBASE:SHIBUSD,2.458e-05,2.508e-05,2.363e-05,2.44e-05,1414184532838.0
2024-05-25 02:00:00,COINBASE:SHIBUSD,2.44e-05,2.526e-05,2.429e-05,2.507e-05,1255004027607.0
2024-05-26 02:00:00,COINBASE:SHIBUSD,2.507e-05,2.515e-05,2.415e-05,2.431e-05,490787759521.0
2024-05-27 02:00:00,COINBASE:SHIBUSD,2.432e-05,2.621e-05,2.43e-05,2.548e-05,2114608671066.0
2024-05-28 02:00:00,COINBASE:SHIBUSD,2.55e-05,2.736e-05,2.447e-05,2.672e-05,3763705827161.0
2024-05-29 02:00:00,COINBASE:SHIBUSD,2.672e-05,2.94e-05,2.651e-05,2.752e-05,5293707409266.0
2024-05-30 02:00:00,COINBASE:SHIBUSD,2.752e-05,2.857e-05,2.56e-05,2.589e-05,2941290303397.0
2024-05-31 02:00:00,COINBASE:SHIBUSD,2.588e-05,2.633e-05,2.485e-05,2.54e-05,1374316840023.0
2024-06-01 02:00:00,COINBASE:SHIBUSD,2.54e-05,2.547e-05,2.509e-05,2.526e-05,564093771284.0
2024-06-02 02:00:00,COINBASE:SHIBUSD,2.526e-05,2.547e-05,2.402e-05,2.459e-05,930990662454.0
2024-06-03 02:00:00,COINBASE:SHIBUSD,2.459e-05,2.539e-05,2.426e-05,2.443e-05,1130797635755.0
2024-06-04 02:00:00,COINBASE:SHIBUSD,2.444e-05,2.466e-05,2.284e-05,2.461e-05,1671344904854.0
2024-06-05 02:00:00,COINBASE:SHIBUSD,2.461e-05,2.632e-05,2.45e-05,2.594e-05,2679956226982.0
2024-06-06 02:00:00,COINBASE:SHIBUSD,2.593e-05,2.625e-05,2.494e-05,2.522e-05,1373621672582.0
2024-06-07 02:00:00,COINBASE:SHIBUSD,2.521e-05,2.548e-05,2.142e-05,2.369e-05,2316665506605.0
2024-06-08 02:00:00,COINBASE:SHIBUSD,2.369e-05,2.412e-05,2.299e-05,2.321e-05,1046006704012.0
2024-06-09 02:00:00,COINBASE:SHIBUSD,2.32e-05,2.367e-05,2.296e-05,2.348e-05,653733407292.0
2024-06-10 02:00:00,COINBASE:SHIBUSD,2.349e-05,2.361e-05,2.27e-05,2.291e-05,770844675021.0
2024-06-11 02:00:00,COINBASE:SHIBUSD,2.29e-05,2.296e-05,2.104e-05,2.163e-05,2459299846103.0
2024-06-12 02:00:00,COINBASE:SHIBUSD,2.163e-05,2.323e-05,2.111e-05,2.22e-05,2819982486684.0
2024-06-13 02:00:00,COINBASE:SHIBUSD,2.221e-05,2.221e-05,2.095e-05,2.118e-05,1589865554528.0
2024-06-14 02:00:00,COINBASE:SHIBUSD,2.118e-05,2.187e-05,1.961e-05,2.029e-05,2728072002072.0
2024-06-15 02:00:00,COINBASE:SHIBUSD,2.028e-05,2.098e-05,1.999e-05,2.077e-05,1101600537473.0
2024-06-16 02:00:00,COINBASE:SHIBUSD,2.077e-05,2.108e-05,2.038e-05,2.094e-05,741765115691.0
2024-06-17 02:00:00,COINBASE:SHIBUSD,2.094e-05,2.106e-05,1.859e-05,1.932e-05,2726419881222.0
2024-06-18 02:00:00,COINBASE:SHIBUSD,1.932e-05,1.943e-05,1.696e-05,1.808e-05,3781092026679.0
2024-06-19 02:00:00,COINBASE:SHIBUSD,1.808e-05,1.893e-05,1.796e-05,1.812e-05,1651563655285.0
2024-06-20 02:00:00,COINBASE:SHIBUSD,1.811e-05,1.899e-05,1.779e-05,1.803e-05,1425798827923.0
2024-06-21 02:00:00,COINBASE:SHIBUSD,1.804e-05,1.823e-05,1.739e-05,1.786e-05,1675182889580.0
2024-06-22 02:00:00,COINBASE:SHIBUSD,1.786e-05,1.833e-05,1.765e-05,1.798e-05,621954391671.0
2024-06-23 02:00:00,COINBASE:SHIBUSD,1.797e-05,1.821e-05,1.742e-05,1.752e-05,649499363787.0
2024-06-24 02:00:00,COINBASE:SHIBUSD,1.752e-05,1.765e-05,1.634e-05,1.703e-05,2350965574184.0
2024-06-25 02:00:00,COINBASE:SHIBUSD,1.703e-05,1.824e-05,1.698e-05,1.774e-05,2209343814434.0
2024-06-26 02:00:00,COINBASE:SHIBUSD,1.774e-05,1.806e-05,1.709e-05,1.713e-05,1167968256148.0
2024-06-27 02:00:00,COINBASE:SHIBUSD,1.712e-05,1.77e-05,1.685e-05,1.754e-05,1337879068698.0
2024-06-28 02:00:00,COINBASE:SHIBUSD,1.754e-05,1.81e-05,1.678e-05,1.695e-05,1680526027401.0
2024-06-29 02:00:00,COINBASE:SHIBUSD,1.695e-05,1.724e-05,1.684e-05,1.688e-05,502559937543.0
2024-06-30 02:00:00,COINBASE:SHIBUSD,1.688e-05,1.74e-05,1.66e-05,1.723e-05,884309163897.0
2024-07-01 02:00:00,COINBASE:SHIBUSD,1.723e-05,1.759e-05,1.693e-05,1.707e-05,1096964728791.0
2024-07-02 02:00:00,COINBASE:SHIBUSD,1.707e-05,1.739e-05,1.694e-05,1.724e-05,798200524286.0
2024-07-03 02:00:00,COINBASE:SHIBUSD,1.724e-05,1.743e-05,1.611e-05,1.637e-05,1242381096367.0
2024-07-04 02:00:00,COINBASE:SHIBUSD,1.636e-05,1.646e-05,1.453e-05,1.463e-05,2023417940327.0
2024-07-05 02:00:00,COINBASE:SHIBUSD,1.462e-05,1.509e-05,1.266e-05,1.498e-05,3560729937890.0
2024-07-06 02:00:00,COINBASE:SHIBUSD,1.497e-05,1.755e-05,1.469e-05,1.741e-05,2461359793271.0
2024-07-07 02:00:00,COINBASE:SHIBUSD,1.741e-05,1.741e-05,1.539e-05,1.549e-05,1792260785744.0
2024-07-08 02:00:00,COINBASE:SHIBUSD,1.549e-05,1.71e-05,1.473e-05,1.618e-05,3468037298110.0
2024-07-09 02:00:00,COINBASE:SHIBUSD,1.618e-05,1.668e-05,1.592e-05,1.636e-05,1742049236080.0
2024-07-10 02:00:00,COINBASE:SHIBUSD,1.636e-05,1.688e-05,1.603e-05,1.64e-05,1256056774699.0
2024-07-11 02:00:00,COINBASE:SHIBUSD,1.639e-05,1.702e-05,1.615e-05,1.623e-05,1047924201395.0
2024-07-12 02:00:00,COINBASE:SHIBUSD,1.623e-05,1.664e-05,1.578e-05,1.65e-05,963236481092.0
2024-07-13 02:00:00,COINBASE:SHIBUSD,1.65e-05,1.74e-05,1.644e-05,1.711e-05,1161325636633.0
2024-07-14 02:00:00,COINBASE:SHIBUSD,1.711e-05,1.779e-05,1.707e-05,1.764e-05,1217783993940.0
2024-07-15 02:00:00,COINBASE:SHIBUSD,1.763e-05,1.95e-05,1.75e-05,1.927e-05,1950492206348.0
2024-07-16 02:00:00,COINBASE:SHIBUSD,1.926e-05,2.018e-05,1.84e-05,1.932e-05,2848439069279.0
2024-07-17 02:00:00,COINBASE:SHIBUSD,1.933e-05,1.985e-05,1.851e-05,1.861e-05,1961510903275.0
2024-07-18 02:00:00,COINBASE:SHIBUSD,1.864e-05,1.898e-05,1.679e-05,1.738e-05,4835508318957.0
2024-07-19 02:00:00,COINBASE:SHIBUSD,1.737e-05,1.819e-05,1.687e-05,1.78e-05,2363789938795.0
2024-07-20 02:00:00,COINBASE:SHIBUSD,1.782e-05,1.847e-05,1.749e-05,1.81e-05,1733610929053.0
2024-07-21 02:00:00,COINBASE:SHIBUSD,1.811e-05,1.846e-05,1.702e-05,1.826e-05,1699019562986.0
2024-07-22 02:00:00,COINBASE:SHIBUSD,1.825e-05,1.832e-05,1.741e-05,1.758e-05,1383152849764.0
2024-07-23 02:00:00,COINBASE:SHIBUSD,1.757e-05,1.779e-05,1.67e-05,1.704e-05,1709841484857.0
2024-07-24 02:00:00,COINBASE:SHIBUSD,1.704e-05,1.758e-05,1.661e-05,1.679e-05,1184577226264.0
2024-07-25 02:00:00,COINBASE:SHIBUSD,1.679e-05,1.687e-05,1.581e-05,1.639e-05,1666816528972.0
2024-07-26 02:00:00,COINBASE:SHIBUSD,1.639e-05,1.703e-05,1.637e-05,1.696e-05,708630170975.0
2024-07-27 02:00:00,COINBASE:SHIBUSD,1.697e-05,1.762e-05,1.672e-05,1.702e-05,1060690599966.0
2024-07-28 02:00:00,COINBASE:SHIBUSD,1.701e-05,1.717e-05,1.664e-05,1.68e-05,395169317944.0
2024-07-29 02:00:00,COINBASE:SHIBUSD,1.68e-05,1.731e-05,1.651e-05,1.661e-05,972378305029.0
2024-07-30 02:00:00,COINBASE:SHIBUSD,1.662e-05,1.685e-05,1.6e-05,1.641e-05,488970705515.0
2024-07-31 02:00:00,COINBASE:SHIBUSD,1.641e-05,1.668e-05,1.569e-05,1.592e-05,941510420537.0
2024-08-01 02:00:00,COINBASE:SHIBUSD,1.592e-05,1.604e-05,1.486e-05,1.578e-05,1213440066862.0
2024-08-02 02:00:00,COINBASE:SHIBUSD,1.578e-05,1.588e-05,1.458e-05,1.464e-05,1430483416587.0
2024-08-03 02:00:00,COINBASE:SHIBUSD,1.464e-05,1.483e-05,1.377e-05,1.421e-05,1358743712104.0
2024-08-04 02:00:00,COINBASE:SHIBUSD,1.42e-05,1.433e-05,1.296e-05,1.334e-05,1635157915401.0
2024-08-05 02:00:00,COINBASE:SHIBUSD,1.334e-05,1.398e-05,1.079e-05,1.325e-05,7188619931096.0
2024-08-06 02:00:00,COINBASE:SHIBUSD,1.325e-05,1.405e-05,1.312e-05,1.346e-05,2370364395110.0
2024-08-07 02:00:00,COINBASE:SHIBUSD,1.345e-05,1.396e-05,1.271e-05,1.288e-05,1569210782511.0
2024-08-08 02:00:00,COINBASE:SHIBUSD,1.288e-05,1.442e-05,1.265e-05,1.433e-05,1632636406719.0
2024-08-09 02:00:00,COINBASE:SHIBUSD,1.432e-05,1.433e-05,1.367e-05,1.404e-05,1040138031641.0
2024-08-10 02:00:00,COINBASE:SHIBUSD,1.404e-05,1.429e-05,1.388e-05,1.409e-05,356320752735.0
2024-08-11 02:00:00,COINBASE:SHIBUSD,1.409e-05,1.468e-05,1.328e-05,1.339e-05,989933742333.0
2024-08-12 02:00:00,COINBASE:SHIBUSD,1.34e-05,1.41e-05,1.328e-05,1.393e-05,902377211731.0
2024-08-13 02:00:00,COINBASE:SHIBUSD,1.393e-05,1.408e-05,1.35e-05,1.389e-05,599467918401.0
2024-08-14 02:00:00,COINBASE:SHIBUSD,1.389e-05,1.405e-05,1.343e-05,1.361e-05,547042856804.0
2024-08-15 02:00:00,COINBASE:SHIBUSD,1.361e-05,1.375e-05,1.311e-05,1.327e-05,674554492109.0
2024-08-16 02:00:00,COINBASE:SHIBUSD,1.326e-05,1.349e-05,1.29e-05,1.322e-05,513647137099.0
2024-08-17 02:00:00,COINBASE:SHIBUSD,1.322e-05,1.343e-05,1.314e-05,1.337e-05,287897911049.0
2024-08-18 02:00:00,COINBASE:SHIBUSD,1.338e-05,1.36e-05,1.323e-05,1.323e-05,304547284756.0
2024-08-19 02:00:00,COINBASE:SHIBUSD,1.324e-05,1.355e-05,1.298e-05,1.334e-05,686093754084.0
2024-08-20 02:00:00,COINBASE:SHIBUSD,1.334e-05,1.394e-05,1.332e-05,1.365e-05,687271485025.0
2024-08-21 02:00:00,COINBASE:SHIBUSD,1.366e-05,1.423e-05,1.348e-05,1.411e-05,612339065957.0
2024-08-22 02:00:00,COINBASE:SHIBUSD,1.411e-05,1.439e-05,1.384e-05,1.405e-05,441775315566.0
2024-08-23 02:00:00,COINBASE:SHIBUSD,1.406e-05,1.552e-05,1.404e-05,1.531e-05,1564943504463.0
2024-08-24 02:00:00,COINBASE:SHIBUSD,1.532e-05,1.612e-05,1.509e-05,1.563e-05,1259784531239.0
2024-08-25 02:00:00,COINBASE:SHIBUSD,1.563e-05,1.566e-05,1.47e-05,1.512e-05,1007616144746.0
2024-08-26 02:00:00,COINBASE:SHIBUSD,1.513e-05,1.526e-05,1.435e-05,1.46e-05,991269601029.0
2024-08-27 02:00:00,COINBASE:SHIBUSD,1.46e-05,1.484e-05,1.338e-05,1.376e-05,1180295352856.0
2024-08-28 02:00:00,COINBASE:SHIBUSD,1.375e-05,1.42e-05,1.342e-05,1.386e-05,905177057707.0
2024-08-29 02:00:00,COINBASE:SHIBUSD,1.385e-05,1.455e-05,1.383e-05,1.406e-05,605225964520.0
2024-08-30 02:00:00,COINBASE:SHIBUSD,1.405e-05,1.422e-05,1.363e-05,1.4e-05,674948567404.0
2024-08-31 02:00:00,COINBASE:SHIBUSD,1.4e-05,1.41e-05,1.372e-05,1.383e-05,309742361954.0
2024-09-01 02:00:00,COINBASE:SHIBUSD,1.383e-05,1.386e-05,1.304e-05,1.315e-05,738132107195.0
2024-09-02 02:00:00,COINBASE:SHIBUSD,1.315e-05,1.372e-05,1.31e-05,1.367e-05,603364236291.0
2024-09-03 02:00:00,COINBASE:SHIBUSD,1.366e-05,1.385e-05,1.303e-05,1.308e-05,436250784852.0
2024-09-04 02:00:00,COINBASE:SHIBUSD,1.308e-05,1.368e-05,1.244e-05,1.36e-05,1062740154442.0
2024-09-05 02:00:00,COINBASE:SHIBUSD,1.359e-05,1.364e-05,1.305e-05,1.318e-05,598153832662.0
2024-09-06 02:00:00,COINBASE:SHIBUSD,1.319e-05,1.345e-05,1.231e-05,1.278e-05,907566541846.0
2024-09-07 02:00:00,COINBASE:SHIBUSD,1.279e-05,1.304e-05,1.272e-05,1.286e-05,357552355022.0
